"AID","Step","Activity","Resp","StartMonth","EndMonth","Status","Note"
"1-01","ขั้นที่ 1","1.1 รวบรวม ศึกษา วิเคราะห์กฎหมาย กฎ ระเบียบที่สำคัญที่เกี่ยวข้องกับการดำเนินงาน","ทุกหน่วยงาน","ม.ค.69","พ.ค.69","เสร็จสิ้น","ทดสอบ"
"1-02","ขั้นที่ 1","- มติคณะรัฐมนตรี / ราชกิจจานุเบกษา","ฝบส. / ฝกม. / ฝผก.","เม.ย.69","มิ.ย.69","กำลังดำเนินการ","ทดสอบ"
"1-03","ขั้นที่ 1","- กฎหมาย กฎ ระเบียบที่ปรับปรุงหรือเป็นเรื่องใหม่ รวมทั้งมาตรฐานการปฏิบัติงานที่เกี่ยวข้อง","ฝกม. / ทุกหน่วยงาน","พ.ย.69","ม.ค.70","กำลังดำเนินการ","ทดสอบ"
"1-04","ขั้นที่ 1","- นโยบายของภาครัฐ และหน่วยงานกำกับที่เกี่ยวข้องกับการปฏิบัติงาน","ฝบส. / ฝกม. / ทุกหน่วยงาน",,,"ยังไม่เริ่ม",
"1-05","ขั้นที่ 1","1.2 ปรับปรุงทะเบียนกฎหมาย กฎ ระเบียบที่สำคัญที่เกี่ยวข้องกับการดำเนินงาน (Compliance Universe)","ทุกหน่วยงาน",,,"ยังไม่เริ่ม",
"1-06","ขั้นที่ 1","1.2.1 รายการกฎหมาย กฎ ระเบียบที่สำคัญ (Law and Regulation Lists)","ฝบส. / ฝกม. / ทุกหน่วยงาน",,,"ยังไม่เริ่ม",
"1-07","ขั้นที่ 1","1.2.2 รายการใบขออนุญาต/ใบรับรอง (License/Certificate Lists)","ฝบส. / ทุกหน่วยงาน",,,"ยังไม่เริ่ม",
"1-08","ขั้นที่ 1","1.2.3 รายงานภาครัฐที่หน่วยงานต้องจัดทำและนำส่งภายในเวลาที่กำหนด (Regulatory Reports)","ฝบส. / ทุกหน่วยงาน",,,"ยังไม่เริ่ม",
"1-09","ขั้นที่ 1","1.2.4 ข้อสั่งการของหน่วยงานกำกับ ข้อเสนอแนะของคณะกรรมการที่เกี่ยวข้อง (Regulatory Letters)","ฝบส. / ทุกหน่วยงาน",,,"ยังไม่เริ่ม",
"1-10","ขั้นที่ 1","1.3 ปรับปรุงระเบียบ ข้อบังคับ คำสั่ง นโยบาย มาตรฐานการปฏิบัติงานให้สอดคล้องกับกฎหมาย กฎ ระเบียบที่เกี่ยวข้องที่ปรับปรุงหรือเป็นเรื่องใหม่","ฝกม. / ทุกหน่วยงาน",,,"ยังไม่เริ่ม",
"2-01","ขั้นที่ 2","2.1 วิเคราะห์สาเหตุและผลกระทบ และประเมินความเสี่ยงจากการไม่สามารถปฏิบัติตามกฎ ระเบียบ โดยนำข้อมูลจาก","ฝบส. / หน่วยงานที่เกี่ยวข้อง",,,"ยังไม่เริ่ม",
"2-02","ขั้นที่ 2","2.1.1 ผลการตรวจสอบและผลการสอบทานการปฏิบัติตามกฎ ระเบียบ ของ ฝตส.",,,,"ยังไม่เริ่ม",
"2-03","ขั้นที่ 2","2.1.2 ผลการประเมินความเสี่ยงด้านกฎหมาย ระเบียบ ข้อบังคับที่เกี่ยวข้องกับการดำเนินงาน (Compliance Risks)",,,,"ยังไม่เริ่ม",
"2-04","ขั้นที่ 2","2.1.3 เหตุการณ์ที่การดำเนินงานองค์กรไม่สอดคล้องหรือไม่เป็นไปตามกฎหมาย กฎ ระเบียบ (Compliance Issues)",,,,"ยังไม่เริ่ม",
"2-05","ขั้นที่ 2","2.2 สรุปรายการ Compliance Risk ที่สำคัญที่ต้องกำหนด/ปรับปรุงการควบคุม","ฝบส.",,,"ยังไม่เริ่ม",
"2-06","ขั้นที่ 2","2.3 จัดวาง/ทบทวนระบบการควบคุมภายในของกระบวนงานพื้นฐานและกระบวนงานตามภารกิจของทุกหน่วยงาน","ฝบส. / หน่วยงานที่เกี่ยวข้อง",,,"ยังไม่เริ่ม",
"3-01","ขั้นที่ 3","3.1 สื่อสาร อบรม เพื่อสร้างความรู้ความเข้าใจและความตระหนักเกี่ยวกับนโยบาย กรอบและแนวทางการปฏิบัติตามกฎ ระเบียบ","ฝบส. / ฝสอ.",,,"ยังไม่เริ่ม",
"3-02","ขั้นที่ 3","3.2 สื่อสาร อบรม เกี่ยวกับกฎหมาย กฎ ระเบียบที่เกี่ยวข้องที่ปรับปรุงหรือเป็นเรื่องใหม่","ฝบส. / ฝสอ.",,,"ยังไม่เริ่ม",
"3-03","ขั้นที่ 3","3.3 ประสานงาน ให้คำปรึกษาแนะนำหน่วยงาน เพื่อทบทวนการดำเนินงานให้สอดคล้องกับกฎหมาย กฎ ระเบียบที่เกี่ยวข้องที่ปรับปรุงหรือเป็นเรื่องใหม่","ฝบส. / ฝกม.",,,"ยังไม่เริ่ม",
"3-04","ขั้นที่ 3","3.3 ประสานงานและบูรณาการการกำกับดูแลการปฏิบัติตามกฎ ระเบียบ",,,,"ยังไม่เริ่ม",
"3-05","ขั้นที่ 3","3.3.1 ประสานงาน และกำหนดแนวทางบูรณาการเพื่อกำกับติดตามประเด็นการไม่ปฏิบัติตามกฎ ระเบียบ ที่สำคัญ","ฝกม. / ฝบส.",,,"ยังไม่เริ่ม",
"3-06","ขั้นที่ 3","3.3.2 พัฒนาเทคโนโลยีสารสนเทศเพื่อสนับสนุนและปรับปรุงกระบวนการ","ฝบส. / ฝวท.",,,"ยังไม่เริ่ม",
"4-01","ขั้นที่ 4","4.1 สอบทานการปฏิบัติตามกฎระเบียบด้วยตนเองในทุกกระบวนงานที่ได้จัดวางระบบการควบคุมภายในไว้","ทุกหน่วยงาน",,,"ยังไม่เริ่ม",
"4-02","ขั้นที่ 4","4.2 สอบทานการปฏิบัติตามกฎระเบียบในกระบวนการปฏิบัติงานที่มีความเสี่ยงที่อาจทำให้ไม่สามารถปฏิบัติตามกฎ ระเบียบ และสรุปรายงานผลการสอบทานฯ","ฝบส. / หน่วยงานที่เกี่ยวข้อง",,,"ยังไม่เริ่ม",
"4-03","ขั้นที่ 4","4.3 ประเมินการปฏิบัติตามกฎระเบียบด้วยตนเอง (Compliance Self-Assessment)","ทุกสายงาน / ทุกหน่วยงาน",,,"ยังไม่เริ่ม",
"4-04","ขั้นที่ 4","4.3.1 ผู้ปฏิบัติงาน - สอบทานและประเมินการปฏิบัติตามระบบการควบคุมภายในด้วยตนเองในทุกกระบวนงานที่ได้จัดวางระบบการควบคุมภายในไว้","ทุกหน่วยงาน",,,"ยังไม่เริ่ม",
"4-05","ขั้นที่ 4","4.3.2 ผู้บริหาร - ประเมินการปฏิบัติตามกฎระเบียบด้วยตนเองตามแบบประเมินที่ ฝบส. กำหนด","ผู้บริหารระดับสูงและหัวหน้าหน่วยงาน",,,"ยังไม่เริ่ม",
"4-06","ขั้นที่ 4","4.4 นำผลประเมินมาปรับปรุงการปฏิบัติงานเพื่อให้เป็นไปตามกฎหมาย กฎ ระเบียบ","ฝบส. / หน่วยงานที่เกี่ยวข้อง",,,"ยังไม่เริ่ม",
"5-01","ขั้นที่ 5","5.1 ทบทวน/ปรับปรุงนโยบาย กรอบแนวทางการกำกับดูแล และแนวทางการปฏิบัติตามกฎ ระเบียบ ของ กฟน.  (Compliance Policy, Framework and Guidance) รวมทั้งแผนการกำกับดูแลการปฏิบัติตามกฎ ระเบียบ เสนอต่อคณะกรรมการที่เกี่ยวข้อง","ฝบส.",,,"ยังไม่เริ่ม",
"5-02","ขั้นที่ 5","5.2 นำเสนอผู้บริหารเพื่อขอความเห็นชอบ","ฝบส.",,,"ยังไม่เริ่ม",
"5-03","ขั้นที่ 5","5.2.1 นโยบายการกำกับการปฏิบัติตามกฎ ระเบียบ (Compliance Policy)",,,,"ยังไม่เริ่ม",
"5-04","ขั้นที่ 5","5.2.2 แนวทางการปฏิบัติตามนโยบายการกำกับการปฏิบัติตามกฎ ระเบียบ (Compliance Guidance)",,,,"ยังไม่เริ่ม",
"5-05","ขั้นที่ 5","5.2.3 แผนการกำกับดูแลการปฏิบัติตามกฎ ระเบียบ (Compliance Action Plan)",,,,"ยังไม่เริ่ม",
"5-06","ขั้นที่ 5","5.2 จัดทำและรายงานการปฏิบัติตามกฎระเบียบ ประจำปี","ฝบส.",,,"ยังไม่เริ่ม",
